YYYY-MM-DD,Value
1/1/2000,2277
1/2/2000,2055
1/3/2000,1946
1/4/2000,1918
1/5/2000,1876
1/6/2000,1882
1/7/2000,1900
1/8/2000,1983
1/9/2000,1925
1/10/2000,1826
1/11/2000,1755
1/12/2000,1735
1/13/2000,1745
1/14/2000,1760
1/15/2000,1707
1/16/2000,1620
1/17/2000,1582
1/18/2000,1609
1/19/2000,1634
1/20/2000,2048
1/21/2000,2083
1/22/2000,1927
1/23/2000,1873
1/24/2000,1834
1/25/2000,1737
1/26/2000,1543
1/27/2000,1576
1/28/2000,1593
1/29/2000,1546
1/30/2000,1552
1/31/2000,1834
2/1/2000,3282
2/2/2000,4289
2/3/2000,4428
2/4/2000,4062
2/5/2000,3654
2/6/2000,3393
2/7/2000,3250
2/8/2000,3226
2/9/2000,3229
2/10/2000,3710
2/11/2000,4288
2/12/2000,4102
2/13/2000,3776
2/14/2000,3505
2/15/2000,3365
2/16/2000,3195
2/17/2000,3107
2/18/2000,3208
2/19/2000,3172
2/20/2000,2983
2/21/2000,3103
2/22/2000,3079
2/23/2000,2864
2/24/2000,2759
2/25/2000,2673
2/26/2000,2659
2/27/2000,2876
2/28/2000,3041
2/29/2000,2926
3/1/2000,2852
3/2/2000,2813
3/3/2000,2864
3/4/2000,2903
3/5/2000,2926
3/6/2000,2993
3/7/2000,2992
3/8/2000,2860
3/9/2000,2754
3/10/2000,3053
3/11/2000,4394
3/12/2000,5175
3/13/2000,5349
3/14/2000,5206
3/15/2000,4772
3/16/2000,4598
3/17/2000,4847
3/18/2000,4696
3/19/2000,5047
3/20/2000,5108
3/21/2000,4933
3/22/2000,4681
3/23/2000,4278
3/24/2000,4004
3/25/2000,3839
3/26/2000,3829
3/27/2000,3998
3/28/2000,4105
3/29/2000,4210
3/30/2000,4441
3/31/2000,4587
4/1/2000,5041
4/2/2000,5460
4/3/2000,5455
4/4/2000,5217
4/5/2000,5049
4/6/2000,4926
4/7/2000,4919
4/8/2000,4928
4/9/2000,4756
4/10/2000,4314
4/11/2000,3976
4/12/2000,3705
4/13/2000,3527
4/14/2000,3463
4/15/2000,3488
4/16/2000,3491
4/17/2000,3489
4/18/2000,3570
4/19/2000,3549
4/20/2000,3604
4/21/2000,3668
4/22/2000,3618
4/23/2000,3744
4/24/2000,3938
4/25/2000,4152
4/26/2000,4272
4/27/2000,4111
4/28/2000,3968
4/29/2000,4101
4/30/2000,4152
5/1/2000,4120
5/2/2000,4016
5/3/2000,3876
5/4/2000,3889
5/5/2000,3907
5/6/2000,3880
5/7/2000,3882
5/8/2000,3776
5/9/2000,3707
5/10/2000,3549
5/11/2000,3488
5/12/2000,3538
5/13/2000,3598
5/14/2000,3928
5/15/2000,3911
5/16/2000,3585
5/17/2000,3326
5/18/2000,3280
5/19/2000,3301
5/20/2000,3395
5/21/2000,3518
5/22/2000,3472
5/23/2000,3218
5/24/2000,3009
5/25/2000,2798
5/26/2000,2684
5/27/2000,2656
5/28/2000,2686
5/29/2000,2674
5/30/2000,2655
5/31/2000,2685
6/1/2000,2675
6/2/2000,2728
6/3/2000,2909
6/4/2000,2821
6/5/2000,2763
6/6/2000,2785
6/7/2000,2750
6/8/2000,2887
6/9/2000,3070
6/10/2000,2901
6/11/2000,2699
6/12/2000,2579
6/13/2000,2516
6/14/2000,2382
6/15/2000,2363
6/16/2000,2391
6/17/2000,2568
6/18/2000,2685
6/19/2000,2592
6/20/2000,2308
6/21/2000,2098
6/22/2000,2108
6/23/2000,2166
6/24/2000,2115
6/25/2000,2082
6/26/2000,2283
6/27/2000,2450
6/28/2000,2377
6/29/2000,2026
6/30/2000,1927
7/1/2000,1898
7/2/2000,1796
7/3/2000,1701
7/4/2000,1622
7/5/2000,1838
7/6/2000,1989
7/7/2000,2028
7/8/2000,2042
7/9/2000,1947
7/10/2000,2117
7/11/2000,2222
7/12/2000,2219
7/13/2000,2447
7/14/2000,2856
7/15/2000,2916
7/16/2000,2798
7/17/2000,2706
7/18/2000,2840
7/19/2000,2894
7/20/2000,2828
7/21/2000,2558
7/22/2000,2297
7/23/2000,2166
7/24/2000,2024
7/25/2000,1880
7/26/2000,1884
7/27/2000,2119
7/28/2000,2255
7/29/2000,2344
7/30/2000,2505
7/31/2000,2710
8/1/2000,2983
8/2/2000,2951
8/3/2000,2654
8/4/2000,2485
8/5/2000,2581
8/6/2000,2953
8/7/2000,3116
8/8/2000,3538
8/9/2000,4090
8/10/2000,4192
8/11/2000,4080
8/12/2000,3759
8/13/2000,3191
8/14/2000,2761
8/15/2000,2495
8/16/2000,2395
8/17/2000,2342
8/18/2000,2223
8/19/2000,2172
8/20/2000,2150
8/21/2000,1996
8/22/2000,1890
8/23/2000,1810
8/24/2000,1846
8/25/2000,1848
8/26/2000,1826
8/27/2000,1736
8/28/2000,1623
8/29/2000,1460
8/30/2000,1552
8/31/2000,1762
9/1/2000,1663
9/2/2000,1614
9/3/2000,1784
9/4/2000,1905
9/5/2000,1795
9/6/2000,1731
9/7/2000,1750
9/8/2000,1848
9/9/2000,2032
9/10/2000,2302
9/11/2000,2162
9/12/2000,1932
9/13/2000,1752
9/14/2000,1661
9/15/2000,1617
9/16/2000,1686
9/17/2000,1663
9/18/2000,1706
9/19/2000,1870
9/20/2000,1955
9/21/2000,1884
9/22/2000,1797
9/23/2000,2213
9/24/2000,2736
9/25/2000,2923
9/26/2000,2901
9/27/2000,2609
9/28/2000,2305
9/29/2000,2082
9/30/2000,1928
10/1/2000,1854
10/2/2000,1758
10/3/2000,1674
10/4/2000,1837
10/5/2000,2404
10/6/2000,2410
10/7/2000,2222
10/8/2000,2229
10/9/2000,2495
10/10/2000,2698
10/11/2000,2739
10/12/2000,2734
10/13/2000,2632
10/14/2000,2519
10/15/2000,2561
10/16/2000,2610
10/17/2000,2479
10/18/2000,2291
10/19/2000,2186
10/20/2000,2164
10/21/2000,2067
10/22/2000,1983
10/23/2000,1845
10/24/2000,1724
10/25/2000,1664
10/26/2000,1621
10/27/2000,1632
10/28/2000,1667
10/29/2000,1614
10/30/2000,1577
10/31/2000,1468
11/1/2000,1397
11/2/2000,1424
11/3/2000,1488
11/4/2000,1598
11/5/2000,1596
11/6/2000,1665
11/7/2000,1752
11/8/2000,1772
11/9/2000,1813
11/10/2000,1834
11/11/2000,1800
11/12/2000,1753
11/13/2000,1680
11/14/2000,1598
11/15/2000,1480
11/16/2000,1410
11/17/2000,1533
11/18/2000,1709
11/19/2000,1763
11/20/2000,1782
11/21/2000,1774
11/22/2000,1735
11/23/2000,1732
11/24/2000,1737
11/25/2000,1708
11/26/2000,1664
11/27/2000,1616
11/28/2000,1669
11/29/2000,1774
11/30/2000,1729
12/1/2000,1742
12/2/2000,1762
12/3/2000,1729
12/4/2000,1655
12/5/2000,1565
12/6/2000,1499
12/7/2000,1466
12/8/2000,1505
12/9/2000,1535
12/10/2000,1481
12/11/2000,1396
12/12/2000,1372
12/13/2000,1590
12/14/2000,1710
12/15/2000,1649
12/16/2000,1628
12/17/2000,1676
12/18/2000,1627
12/19/2000,1544
12/20/2000,1535
12/21/2000,1696
12/22/2000,1869
12/23/2000,1833
12/24/2000,1685
12/25/2000,1530
12/26/2000,1410
12/27/2000,1319
12/28/2000,1374
12/29/2000,1478
12/30/2000,1590
12/31/2000,1676
1/1/2001,1607
1/2/2001,1455
1/3/2001,1317
1/4/2001,1278
1/5/2001,1365
1/6/2001,1489
1/7/2001,1546
1/8/2001,1569
1/9/2001,1924
1/10/2001,2453
1/11/2001,2677
1/12/2001,2544
1/13/2001,2362
1/14/2001,2261
1/15/2001,2108
1/16/2001,1917
1/17/2001,1753
1/18/2001,1665
1/19/2001,1645
1/20/2001,1642
1/21/2001,1644
1/22/2001,1562
1/23/2001,1464
1/24/2001,1419
1/25/2001,1349
1/26/2001,1381
1/27/2001,1520
1/28/2001,1765
1/29/2001,1884
1/30/2001,1773
1/31/2001,1716
2/1/2001,1684
2/2/2001,1625
2/3/2001,1523
2/4/2001,1475
2/5/2001,1468
2/6/2001,1831
2/7/2001,2364
2/8/2001,2765
2/9/2001,2842
2/10/2001,2840
2/11/2001,2783
2/12/2001,2686
2/13/2001,2511
2/14/2001,2257
2/15/2001,2129
2/16/2001,2153
2/17/2001,2089
2/18/2001,1978
2/19/2001,1911
2/20/2001,1810
2/21/2001,1715
2/22/2001,1721
2/23/2001,1713
2/24/2001,1862
2/25/2001,1855
2/26/2001,1818
2/27/2001,1774
2/28/2001,1689
3/1/2001,1625
3/2/2001,1632
3/3/2001,1636
3/4/2001,1635
3/5/2001,1589
3/6/2001,1712
3/7/2001,2123
3/8/2001,2404
3/9/2001,2418
3/10/2001,2335
3/11/2001,2494
3/12/2001,2723
3/13/2001,2975
3/14/2001,3229
3/15/2001,3461
3/16/2001,3567
3/17/2001,3752
3/18/2001,3836
3/19/2001,3686
3/20/2001,3649
3/21/2001,3484
3/22/2001,3281
3/23/2001,3364
3/24/2001,3961
3/25/2001,4524
3/26/2001,5027
3/27/2001,5359
3/28/2001,5297
3/29/2001,5080
3/30/2001,4911
3/31/2001,4498
4/1/2001,4020
4/2/2001,3616
4/3/2001,3284
4/4/2001,3041
4/5/2001,2933
4/6/2001,2790
4/7/2001,2801
4/8/2001,2743
4/9/2001,2749
4/10/2001,3071
4/11/2001,3333
4/12/2001,3252
4/13/2001,3257
4/14/2001,3531
4/15/2001,3415
4/16/2001,3039
4/17/2001,2847
4/18/2001,2936
4/19/2001,3029
4/20/2001,3046
4/21/2001,2997
4/22/2001,2979
4/23/2001,3160
4/24/2001,3298
4/25/2001,3256
4/26/2001,3169
4/27/2001,3135
4/28/2001,3192
4/29/2001,3163
4/30/2001,2946
5/1/2001,2857
5/2/2001,2951
5/3/2001,3067
5/4/2001,3122
5/5/2001,3212
5/6/2001,3265
5/7/2001,3138
5/8/2001,3092
5/9/2001,3042
5/10/2001,3058
5/11/2001,2960
5/12/2001,2853
5/13/2001,2827
5/14/2001,2713
5/15/2001,2567
5/16/2001,2514
5/17/2001,2630
5/18/2001,2712
5/19/2001,2698
5/20/2001,2792
5/21/2001,2763
5/22/2001,2655
5/23/2001,2541
5/24/2001,2453
5/25/2001,2325
5/26/2001,2291
5/27/2001,2337
5/28/2001,2352
5/29/2001,2321
5/30/2001,2292
5/31/2001,2343
6/1/2001,2456
6/2/2001,2564
6/3/2001,2721
6/4/2001,2578
6/5/2001,2331
6/6/2001,2239
6/7/2001,2191
6/8/2001,2171
6/9/2001,2218
6/10/2001,2253
6/11/2001,2256
6/12/2001,2836
6/13/2001,3799
6/14/2001,3925
6/15/2001,3658
6/16/2001,3277
6/17/2001,2932
6/18/2001,2764
6/19/2001,3078
6/20/2001,3652
6/21/2001,4350
6/22/2001,4680
6/23/2001,4393
6/24/2001,3762
6/25/2001,3194
6/26/2001,2880
6/27/2001,2771
6/28/2001,2765
6/29/2001,2655
6/30/2001,2657
7/1/2001,2809
7/2/2001,2744
7/3/2001,2622
7/4/2001,2615
7/5/2001,2441
7/6/2001,2303
7/7/2001,2210
7/8/2001,2165
7/9/2001,2255
7/10/2001,2233
7/11/2001,2157
7/12/2001,2088
7/13/2001,2003
7/14/2001,2021
7/15/2001,1939
7/16/2001,1869
7/17/2001,1953
7/18/2001,2061
7/19/2001,2389
7/20/2001,2504
7/21/2001,2552
7/22/2001,3280
7/23/2001,3702
7/24/2001,3537
7/25/2001,3203
7/26/2001,3008
7/27/2001,2921
7/28/2001,2946
7/29/2001,2987
7/30/2001,2966
7/31/2001,2780
8/1/2001,2567
8/2/2001,2392
8/3/2001,2151
8/4/2001,1988
8/5/2001,1906
8/6/2001,1822
8/7/2001,2029
8/8/2001,2156
8/9/2001,2012
8/10/2001,1916
8/11/2001,1940
8/12/2001,2390
8/13/2001,2810
8/14/2001,2520
8/15/2001,2170
8/16/2001,2040
8/17/2001,1780
8/18/2001,1620
8/19/2001,1610
8/20/2001,1880
8/21/2001,1760
8/22/2001,1680
8/23/2001,1880
8/24/2001,1820
8/25/2001,1700
8/26/2001,1650
8/27/2001,1580
8/28/2001,1350
8/29/2001,1220
8/30/2001,1362
8/31/2001,1349
9/1/2001,1313
9/2/2001,1452
9/3/2001,1916
9/4/2001,2038
9/5/2001,1996
9/6/2001,1924
9/7/2001,2430
9/8/2001,3057
9/9/2001,3268
9/10/2001,3642
9/11/2001,4013
9/12/2001,3922
9/13/2001,3592
9/14/2001,3411
9/15/2001,3639
9/16/2001,3491
9/17/2001,3205
9/18/2001,3075
9/19/2001,3419
9/20/2001,3920
9/21/2001,3804
9/22/2001,3250
9/23/2001,2966
9/24/2001,2810
9/25/2001,2713
9/26/2001,2666
9/27/2001,2763
9/28/2001,2913
9/29/2001,2898
9/30/2001,2668
10/1/2001,2482
10/2/2001,2276
10/3/2001,2166
10/4/2001,2158
10/5/2001,2018
10/6/2001,1962
10/7/2001,1906
10/8/2001,1882
10/9/2001,1808
10/10/2001,1769
10/11/2001,1754
10/12/2001,1689
10/13/2001,1704
10/14/2001,1690
10/15/2001,1600
10/16/2001,1583
10/17/2001,1572
10/18/2001,1488
10/19/2001,1440
10/20/2001,1449
10/21/2001,1444
10/22/2001,1375
10/23/2001,1309
10/24/2001,1305
10/25/2001,1353
10/26/2001,1433
10/27/2001,1601
10/28/2001,1572
10/29/2001,1446
10/30/2001,1393
10/31/2001,1411
11/1/2001,1419
11/2/2001,1320
11/3/2001,1265
11/4/2001,1274
11/5/2001,1264
11/6/2001,1281
11/7/2001,1271
11/8/2001,1261
11/9/2001,1240
11/10/2001,1545
11/11/2001,1790
11/12/2001,1861
11/13/2001,1782
11/14/2001,1688
11/15/2001,1713
11/16/2001,1634
11/17/2001,1524
11/18/2001,1446
11/19/2001,1346
11/20/2001,1274
11/21/2001,1254
11/22/2001,1273
11/23/2001,1300
11/24/2001,1363
11/25/2001,1520
11/26/2001,1447
11/27/2001,1376
11/28/2001,1736
11/29/2001,2151
11/30/2001,2331
12/1/2001,2354
12/2/2001,2371
12/3/2001,2389
12/4/2001,2464
12/5/2001,2554
12/6/2001,2492
12/7/2001,2567
12/8/2001,3473
12/9/2001,3558
12/10/2001,3048
12/11/2001,2660
12/12/2001,2349
12/13/2001,2245
12/14/2001,2139
12/15/2001,2041
12/16/2001,1897
12/17/2001,1777
12/18/2001,1689
12/19/2001,1648
12/20/2001,1705
12/21/2001,1651
12/22/2001,1557
12/23/2001,1592
12/24/2001,1524
12/25/2001,1447
12/26/2001,1364
12/27/2001,1328
12/28/2001,1377
12/29/2001,1363
12/30/2001,1555
12/31/2001,2652
1/1/2002,3307
1/2/2002,2871
1/3/2002,2660
1/4/2002,2278
1/5/2002,2078
1/6/2002,1928
1/7/2002,1732
1/8/2002,1602
1/9/2002,1588
1/10/2002,1605
1/11/2002,1637
1/12/2002,1626
1/13/2002,1520
1/14/2002,1445
1/15/2002,1400
1/16/2002,1335
1/17/2002,1360
1/18/2002,1382
1/19/2002,1355
1/20/2002,1310
1/21/2002,1286
1/22/2002,1327
1/23/2002,1905
1/24/2002,2293
1/25/2002,2322
1/26/2002,2365
1/27/2002,2380
1/28/2002,2513
1/29/2002,3204
1/30/2002,4330
1/31/2002,4380
2/1/2002,4182
2/2/2002,3880
2/3/2002,3567
2/4/2002,3193
2/5/2002,2967
2/6/2002,2792
2/7/2002,2694
2/8/2002,2610
2/9/2002,2545
2/10/2002,2470
2/11/2002,2486
2/12/2002,2538
2/13/2002,2666
2/14/2002,2933
2/15/2002,3136
2/16/2002,3246
2/17/2002,3014
2/18/2002,2820
2/19/2002,2610
2/20/2002,2454
2/21/2002,2470
2/22/2002,2558
2/23/2002,2804
2/24/2002,2811
2/25/2002,2812
2/26/2002,2776
2/27/2002,2994
2/28/2002,3350
3/1/2002,3676
3/2/2002,3838
3/3/2002,3826
3/4/2002,3667
3/5/2002,3440
3/6/2002,3149
3/7/2002,2972
3/8/2002,2934
3/9/2002,2726
3/10/2002,2581
3/11/2002,2511
3/12/2002,2412
3/13/2002,2307
3/14/2002,2186
3/15/2002,2141
3/16/2002,2137
3/17/2002,2105
3/18/2002,2042
3/19/2002,2028
3/20/2002,2030
3/21/2002,2341
3/22/2002,3774
3/23/2002,5077
3/24/2002,6433
3/25/2002,7082
3/26/2002,7502
3/27/2002,7455
3/28/2002,6668
3/29/2002,5315
3/30/2002,4551
3/31/2002,3864
4/1/2002,3539
4/2/2002,3365
4/3/2002,3340
4/4/2002,3196
4/5/2002,3012
4/6/2002,2948
4/7/2002,2793
4/8/2002,2578
4/9/2002,2385
4/10/2002,2223
4/11/2002,2255
4/12/2002,2197
4/13/2002,2152
4/14/2002,2133
4/15/2002,2099
4/16/2002,2106
4/17/2002,2097
4/18/2002,2150
4/19/2002,2136
4/20/2002,2078
4/21/2002,2020
4/22/2002,1980
4/23/2002,1986
4/24/2002,1947
4/25/2002,1977
4/26/2002,2362
4/27/2002,2600
4/28/2002,2695
4/29/2002,2804
4/30/2002,2730
5/1/2002,2607
5/2/2002,2580
5/3/2002,2475
5/4/2002,2450
5/5/2002,2570
5/6/2002,2796
5/7/2002,2852
5/8/2002,2752
5/9/2002,2615
5/10/2002,2535
5/11/2002,2452
5/12/2002,2479
5/13/2002,2463
5/14/2002,2479
5/15/2002,2531
5/16/2002,2566
5/17/2002,2468
5/18/2002,2322
5/19/2002,2299
5/20/2002,2322
5/21/2002,2530
5/22/2002,2740
5/23/2002,2800
5/24/2002,2560
5/25/2002,2500
5/26/2002,2390
5/27/2002,2260
5/28/2002,2190
5/29/2002,2370
5/30/2002,2520
5/31/2002,2480
6/1/2002,2480
6/2/2002,2280
6/3/2002,2080
6/4/2002,1930
6/5/2002,1970
6/6/2002,2020
6/7/2002,2040
6/8/2002,2230
6/9/2002,3330
6/10/2002,3540
6/11/2002,3580
6/12/2002,3330
6/13/2002,3310
6/14/2002,3030
6/15/2002,2700
6/16/2002,2410
6/17/2002,2370
6/18/2002,2280
6/19/2002,2250
6/20/2002,2250
6/21/2002,2250
6/22/2002,2240
6/23/2002,2230
6/24/2002,2210
6/25/2002,2250
6/26/2002,1980
6/27/2002,2120
6/28/2002,2260
6/29/2002,2170
6/30/2002,1970
7/1/2002,2160
7/2/2002,1930
7/3/2002,1900
7/4/2002,1750
7/5/2002,1750
7/6/2002,1860
7/7/2002,2070
7/8/2002,1930
7/9/2002,1920
7/10/2002,1880
7/11/2002,1880
7/12/2002,1840
7/13/2002,1670
7/14/2002,1620
7/15/2002,1640
7/16/2002,1730
7/17/2002,1830
7/18/2002,1830
7/19/2002,2320
7/20/2002,3110
7/21/2002,2960
7/22/2002,2600
7/23/2002,2160
7/24/2002,2000
7/25/2002,1950
7/26/2002,1830
7/27/2002,1750
7/28/2002,1910
7/29/2002,1840
7/30/2002,1840
7/31/2002,1700
8/1/2002,1620
8/2/2002,1750
8/3/2002,1730
8/4/2002,1910
8/5/2002,2020
8/6/2002,1970
8/7/2002,1910
8/8/2002,2340
8/9/2002,3880
8/10/2002,4980
8/11/2002,5580
8/12/2002,5130
8/13/2002,4722
8/14/2002,5393
8/15/2002,6277
8/16/2002,7343
8/17/2002,8155
8/18/2002,8859
8/19/2002,8688
8/20/2002,7742
8/21/2002,6189
8/22/2002,4838
8/23/2002,4025
8/24/2002,3940
8/25/2002,3515
8/26/2002,3003
8/27/2002,2670
8/28/2002,2600
8/29/2002,2580
8/30/2002,2630
8/31/2002,2580
9/1/2002,2370
9/2/2002,2240
9/3/2002,2330
9/4/2002,2560
9/5/2002,2570
9/6/2002,2540
9/7/2002,2390
9/8/2002,2300
9/9/2002,2280
9/10/2002,2070
9/11/2002,1880
9/12/2002,1900
9/13/2002,2040
9/14/2002,2040
9/15/2002,1830
9/16/2002,1740
9/17/2002,1670
9/18/2002,1750
9/19/2002,1700
9/20/2002,1670
9/21/2002,1637
9/22/2002,1702
9/23/2002,1892
9/24/2002,2241
9/25/2002,2633
9/26/2002,2120
9/27/2002,3060
9/28/2002,3332
9/29/2002,3811
9/30/2002,3858
10/1/2002,3287
10/2/2002,2995
10/3/2002,2712
10/4/2002,2478
10/5/2002,2324
10/6/2002,2192
10/7/2002,2362
10/8/2002,2460
10/9/2002,2636
10/10/2002,2742
10/11/2002,2675
10/12/2002,2415
10/13/2002,2428
10/14/2002,2752
10/15/2002,3133
10/16/2002,2958
10/17/2002,2806
10/18/2002,2850
10/19/2002,3098
10/20/2002,3703
10/21/2002,3780
10/22/2002,3516
10/23/2002,3226
10/24/2002,3130
10/25/2002,2917
10/26/2002,2880
10/27/2002,2665
10/28/2002,2797
10/29/2002,3030
10/30/2002,2990
10/31/2002,2956
11/1/2002,2907
11/2/2002,3010
11/3/2002,3065
11/4/2002,3285
11/5/2002,3712
11/6/2002,4470
11/7/2002,4845
11/8/2002,4728
11/9/2002,4273
11/10/2002,4090
11/11/2002,4105
11/12/2002,4332
11/13/2002,4445
11/14/2002,4843
11/15/2002,4844
11/16/2002,4525
11/17/2002,4192
11/18/2002,4083
11/19/2002,4063
11/20/2002,3813
11/21/2002,3670
11/22/2002,3590
11/23/2002,3580
11/24/2002,3780
11/25/2002,3937
11/26/2002,3730
11/27/2002,3476
11/28/2002,3293
11/29/2002,3180
11/30/2002,3032
12/1/2002,3010
12/2/2002,2930
12/3/2002,3010
12/4/2002,3165
12/5/2002,3132
12/6/2002,3138
12/7/2002,2958
12/8/2002,2696
12/9/2002,2575
12/10/2002,2490
12/11/2002,2410
12/12/2002,2240
12/13/2002,2098
12/14/2002,2028
12/15/2002,1970
12/16/2002,1862
12/17/2002,1772
12/18/2002,1778
12/19/2002,2023
12/20/2002,2034
12/21/2002,2013
12/22/2002,1985
12/23/2002,1963
12/24/2002,3096
12/25/2002,3832
12/26/2002,3600
12/27/2002,3168
12/28/2002,2655
12/29/2002,2560
12/30/2002,2430
12/31/2002,2975
1/1/2003,3880
1/2/2003,4200
1/3/2003,4100
1/4/2003,4100
1/5/2003,4560
1/6/2003,4740
1/7/2003,4720
1/8/2003,4560
1/9/2003,4320
1/10/2003,3900
1/11/2003,3560
1/12/2003,3270
1/13/2003,3000
1/14/2003,2700
1/15/2003,2570
1/16/2003,2600
1/17/2003,2830
1/18/2003,2670
1/19/2003,2530
1/20/2003,2460
1/21/2003,2370
1/22/2003,2260
1/23/2003,2240
1/24/2003,2260
1/25/2003,2270
1/26/2003,2440
1/27/2003,2560
1/28/2003,2480
1/29/2003,2580
1/30/2003,3680
1/31/2003,3590
2/1/2003,3270
2/2/2003,3120
2/3/2003,2820
2/4/2003,2620
2/5/2003,2510
2/6/2003,2540
2/7/2003,2580
2/8/2003,2530
2/9/2003,2340
2/10/2003,2240
2/11/2003,2260
2/12/2003,2160
2/13/2003,2020
2/14/2003,2000
2/15/2003,1920
2/16/2003,1900
2/17/2003,1800
2/18/2003,1790
2/19/2003,1770
2/20/2003,1820
2/21/2003,1820
2/22/2003,1797
2/23/2003,1763
2/24/2003,1713
2/25/2003,1620
2/26/2003,1570
2/27/2003,1617
2/28/2003,1703
3/1/2003,1757
3/2/2003,1708
3/3/2003,1680
3/4/2003,1750
3/5/2003,2165
3/6/2003,2382
3/7/2003,2428
3/8/2003,2386
3/9/2003,2446
3/10/2003,2433
3/11/2003,2345
3/12/2003,2374
3/13/2003,2603
3/14/2003,3036
3/15/2003,3155
3/16/2003,2872
3/17/2003,2629
3/18/2003,2479
3/19/2003,2386
3/20/2003,2298
3/21/2003,2215
3/22/2003,2110
3/23/2003,2066
3/24/2003,2006
3/25/2003,1939
3/26/2003,1815
3/27/2003,1880
3/28/2003,1941
3/29/2003,2021
3/30/2003,2067
3/31/2003,2121
4/1/2003,2158
4/2/2003,2277
4/3/2003,2214
4/4/2003,2200
4/5/2003,2137
4/6/2003,2141
4/7/2003,1978
4/8/2003,1862
4/9/2003,1797
4/10/2003,1758
4/11/2003,1778
4/12/2003,1852
4/13/2003,1920
4/14/2003,1877
4/15/2003,1870
4/16/2003,1902
4/17/2003,1963
4/18/2003,2029
4/19/2003,1992
4/20/2003,1961
4/21/2003,1912
4/22/2003,1732
4/23/2003,1720
4/24/2003,1808
4/25/2003,1874
4/26/2003,1931
4/27/2003,1923
4/28/2003,1873
4/29/2003,1974
4/30/2003,2088
5/1/2003,2093
5/2/2003,2099
5/3/2003,2362
5/4/2003,2338
5/5/2003,2214
5/6/2003,2146
5/7/2003,2013
5/8/2003,2041
5/9/2003,2134
5/10/2003,2174
5/11/2003,2252
5/12/2003,2308
5/13/2003,2274
5/14/2003,2186
5/15/2003,2310
5/16/2003,2371
5/17/2003,2306
5/18/2003,2242
5/19/2003,2092
5/20/2003,1968
5/21/2003,1954
5/22/2003,2202
5/23/2003,2525
5/24/2003,2608
5/25/2003,2500
5/26/2003,2230
5/27/2003,2150
5/28/2003,2073
5/29/2003,2069
5/30/2003,2154
5/31/2003,2218
6/1/2003,2188
6/2/2003,2176
6/3/2003,2234
6/4/2003,2292
6/5/2003,2257
6/6/2003,2074
6/7/2003,2078
6/8/2003,2185
6/9/2003,2162
6/10/2003,2172
6/11/2003,2177
6/12/2003,2106
6/13/2003,2053
6/14/2003,2074
6/15/2003,2027
6/16/2003,1916
6/17/2003,2043
6/18/2003,2037
6/19/2003,1996
6/20/2003,1957
6/21/2003,1991
6/22/2003,1912
6/23/2003,1795
6/24/2003,1684
6/25/2003,1563
6/26/2003,1595
6/27/2003,1630
6/28/2003,1592
6/29/2003,1472
6/30/2003,1430
7/1/2003,1472
7/2/2003,1515
7/3/2003,1537
7/4/2003,1497
7/5/2003,1510
7/6/2003,1616
7/7/2003,1581
7/8/2003,1521
7/9/2003,1468
7/10/2003,1410
7/11/2003,1370
7/12/2003,1326
7/13/2003,1337
7/14/2003,1310
7/15/2003,1206
7/16/2003,1137
7/17/2003,1117
7/18/2003,1166
7/19/2003,1317
7/20/2003,1478
7/21/2003,1445
7/22/2003,1348
7/23/2003,1277
7/24/2003,1276
7/25/2003,1320
7/26/2003,1330
7/27/2003,1470
7/28/2003,1574
7/29/2003,1484
7/30/2003,1392
7/31/2003,1700
8/1/2003,1780
8/2/2003,1680
8/3/2003,1826
8/4/2003,1702
8/5/2003,1442
8/6/2003,1298
8/7/2003,1274
8/8/2003,1325
8/9/2003,1301
8/10/2003,1216
8/11/2003,1125
8/12/2003,1032
8/13/2003,1026
8/14/2003,1068
8/15/2003,1060
8/16/2003,1017
8/17/2003,1010
8/18/2003,1028
8/19/2003,965
8/20/2003,1126
8/21/2003,1104
8/22/2003,1068
8/23/2003,1055
8/24/2003,1060
8/25/2003,1015
8/26/2003,946
8/27/2003,892
8/28/2003,871
8/29/2003,865
8/30/2003,860
8/31/2003,875
9/1/2003,1091
9/2/2003,1297
9/3/2003,1393
9/4/2003,1309
9/5/2003,1164
9/6/2003,1102
9/7/2003,1060
9/8/2003,984
9/9/2003,906
9/10/2003,877
9/11/2003,896
9/12/2003,1075
9/13/2003,1236
9/14/2003,1359
9/15/2003,2085
9/16/2003,2163
9/17/2003,1871
9/18/2003,1576
9/19/2003,1432
9/20/2003,1310
9/21/2003,1232
9/22/2003,1151
9/23/2003,1030
9/24/2003,975
9/25/2003,991
9/26/2003,1132
9/27/2003,1221
9/28/2003,1081
9/29/2003,977
9/30/2003,957
10/1/2003,972
10/2/2003,1038
10/3/2003,1068
10/4/2003,1034
10/5/2003,1022
10/6/2003,1056
10/7/2003,1617
10/8/2003,2189
10/9/2003,2258
10/10/2003,2382
10/11/2003,2888
10/12/2003,3291
10/13/2003,3112
10/14/2003,2732
10/15/2003,2459
10/16/2003,2259
10/17/2003,1973
10/18/2003,1795
10/19/2003,1675
10/20/2003,1541
10/21/2003,1500
10/22/2003,1416
10/23/2003,1426
10/24/2003,1468
10/25/2003,1421
10/26/2003,1390
10/27/2003,1388
10/28/2003,1265
10/29/2003,1131
10/30/2003,1230
10/31/2003,1273
11/1/2003,1207
11/2/2003,1214
11/3/2003,1280
11/4/2003,1367
11/5/2003,1427
11/6/2003,1339
11/7/2003,1295
11/8/2003,1225
11/9/2003,1166
11/10/2003,1123
11/11/2003,1072
11/12/2003,1148
11/13/2003,1029
11/14/2003,1075
11/15/2003,1096
11/16/2003,1047
11/17/2003,1057
11/18/2003,1081
11/19/2003,1054
11/20/2003,1077
11/21/2003,1084
11/22/2003,1026
11/23/2003,1095
11/24/2003,1026
11/25/2003,984
11/26/2003,960
11/27/2003,976
11/28/2003,1010
11/29/2003,1008
11/30/2003,1044
12/1/2003,1066
12/2/2003,1044
12/3/2003,1176
12/4/2003,1129
12/5/2003,1059
12/6/2003,1083
12/7/2003,1110
12/8/2003,1053
12/9/2003,975
12/10/2003,914
12/11/2003,925
12/12/2003,983
12/13/2003,1007
12/14/2003,993
12/15/2003,993
12/16/2003,1066
12/17/2003,1305
12/18/2003,1403
12/19/2003,1336
12/20/2003,1208
12/21/2003,1142
12/22/2003,1118
12/23/2003,1069
12/24/2003,1054
12/25/2003,1118
12/26/2003,1145
12/27/2003,1092
12/28/2003,985
12/29/2003,944
12/30/2003,947
12/31/2003,1008
1/1/2004,1005
1/2/2004,1094
1/3/2004,1125
1/4/2004,1063
1/5/2004,1014
1/6/2004,952
1/7/2004,980
1/8/2004,966
1/9/2004,1037
1/10/2004,1188
1/11/2004,1190
1/12/2004,1207
1/13/2004,1589
1/14/2004,2241
1/15/2004,3519
1/16/2004,3831
1/17/2004,3736
1/18/2004,3490
1/19/2004,3197
1/20/2004,2894
1/21/2004,2596
1/22/2004,2391
1/23/2004,2223
1/24/2004,2070
1/25/2004,1940
1/26/2004,1722
1/27/2004,1585
1/28/2004,1550
1/29/2004,1530
1/30/2004,1534
1/31/2004,1549
2/1/2004,1496
2/2/2004,1419
2/3/2004,1335
2/4/2004,1929
2/5/2004,3099
2/6/2004,3133
2/7/2004,3158
2/8/2004,3099
2/9/2004,3006
2/10/2004,2845
2/11/2004,2646
2/12/2004,2563
2/13/2004,2460
2/14/2004,2304
2/15/2004,2198
2/16/2004,2123
2/17/2004,2017
2/18/2004,1998
2/19/2004,2025
2/20/2004,1970
2/21/2004,1890
2/22/2004,1803
2/23/2004,1695
2/24/2004,1700
2/25/2004,1891
2/26/2004,1909
2/27/2004,1808
2/28/2004,1702
2/29/2004,1658
3/1/2004,1655
3/2/2004,1568
3/3/2004,1478
3/4/2004,1528
3/5/2004,1480
3/6/2004,1438
3/7/2004,1427
3/8/2004,1435
3/9/2004,1378
3/10/2004,1360
3/11/2004,1388
3/12/2004,1426
3/13/2004,1455
3/14/2004,1472
3/15/2004,1622
3/16/2004,1828
3/17/2004,2053
3/18/2004,2496
3/19/2004,2830
3/20/2004,3051
3/21/2004,3251
3/22/2004,3380
3/23/2004,3373
3/24/2004,3447
3/25/2004,3496
3/26/2004,3682
3/27/2004,3863
3/28/2004,3672
3/29/2004,3307
3/30/2004,3048
3/31/2004,2880
4/1/2004,2747
4/2/2004,2758
4/3/2004,2810
4/4/2004,2937
4/5/2004,2977
4/6/2004,2952
4/7/2004,2952
4/8/2004,2978
4/9/2004,2912
4/10/2004,2893
4/11/2004,2761
4/12/2004,2548
4/13/2004,2474
4/14/2004,2528
4/15/2004,2400
4/16/2004,2252
4/17/2004,2164
4/18/2004,2112
4/19/2004,2146
4/20/2004,2198
4/21/2004,2274
4/22/2004,2340
4/23/2004,2340
4/24/2004,2254
4/25/2004,2310
4/26/2004,2594
4/27/2004,2647
4/28/2004,2512
4/29/2004,2423
4/30/2004,2305
5/1/2004,2317
5/2/2004,2394
5/3/2004,2478
5/4/2004,2561
5/5/2004,2553
5/6/2004,2497
5/7/2004,2486
5/8/2004,2464
5/9/2004,2521
5/10/2004,2429
5/11/2004,2290
5/12/2004,2130
5/13/2004,1991
5/14/2004,1952
5/15/2004,2102
5/16/2004,2339
5/17/2004,2318
5/18/2004,2598
5/19/2004,2512
5/20/2004,2303
5/21/2004,2262
5/22/2004,2281
5/23/2004,2539
5/24/2004,2691
5/25/2004,2674
5/26/2004,2458
5/27/2004,2297
5/28/2004,2100
5/29/2004,2026
5/30/2004,2258
5/31/2004,2318
6/1/2004,2108
6/2/2004,2035
6/3/2004,2230
6/4/2004,2655
6/5/2004,3593
6/6/2004,4200
6/7/2004,4212
6/8/2004,4118
6/9/2004,3722
6/10/2004,3383
6/11/2004,3170
6/12/2004,3112
6/13/2004,3380
6/14/2004,3510
6/15/2004,3477
6/16/2004,3146
6/17/2004,2857
6/18/2004,2641
6/19/2004,2546
6/20/2004,2517
6/21/2004,2698
6/22/2004,3374
6/23/2004,3429
6/24/2004,3041
6/25/2004,2838
6/26/2004,3001
6/27/2004,2990
6/28/2004,2916
6/29/2004,2634
6/30/2004,2798
7/1/2004,2947
7/2/2004,2825
7/3/2004,2616
7/4/2004,2555
7/5/2004,2577
7/6/2004,2392
7/7/2004,2204
7/8/2004,2164
7/9/2004,2272
7/10/2004,2410
7/11/2004,2621
7/12/2004,2707
7/13/2004,2604
7/14/2004,2458
7/15/2004,2357
7/16/2004,2321
7/17/2004,2416
7/18/2004,2524
7/19/2004,2374
7/20/2004,2211
7/21/2004,2071
7/22/2004,2058
7/23/2004,2315
7/24/2004,2207
7/25/2004,2116
7/26/2004,2117
7/27/2004,2494
7/28/2004,2631
7/29/2004,2617
7/30/2004,2460
7/31/2004,2308
8/1/2004,2099
8/2/2004,1920
8/3/2004,1769
8/4/2004,1640
8/5/2004,1662
8/6/2004,1638
8/7/2004,1623
8/8/2004,1580
8/9/2004,1554
8/10/2004,1623
8/11/2004,1527
8/12/2004,1403
8/13/2004,1358
8/14/2004,1392
8/15/2004,1466
8/16/2004,1517
8/17/2004,1706
8/18/2004,1758
8/19/2004,1628
8/20/2004,1610
8/21/2004,1510
8/22/2004,1427
8/23/2004,1583
8/24/2004,1745
8/25/2004,1698
8/26/2004,1642
8/27/2004,1670
8/28/2004,1959
8/29/2004,2431
8/30/2004,2181
8/31/2004,1946
9/1/2004,2025
9/2/2004,2044
9/3/2004,2113
9/4/2004,1896
9/5/2004,1869
9/6/2004,1743
9/7/2004,1619
9/8/2004,1419
9/9/2004,1387
9/10/2004,1293
9/11/2004,1200
9/12/2004,1113
9/13/2004,1072
9/14/2004,1080
9/15/2004,1148
9/16/2004,1145
9/17/2004,1310
9/18/2004,1475
9/19/2004,1378
9/20/2004,1293
9/21/2004,1204
9/22/2004,1123
9/23/2004,1176
9/24/2004,1250
9/25/2004,1970
9/26/2004,2595
9/27/2004,2448
9/28/2004,2491
9/29/2004,2329
9/30/2004,2114
10/1/2004,2101
10/2/2004,2088
10/3/2004,1924
10/4/2004,1916
10/5/2004,1845
10/6/2004,1659
10/7/2004,1593
10/8/2004,1503
10/9/2004,1438
10/10/2004,1460
10/11/2004,1709
10/12/2004,1779
10/13/2004,1653
10/14/2004,1673
10/15/2004,1662
10/16/2004,1570
10/17/2004,1500
10/18/2004,1492
10/19/2004,1462
10/20/2004,1437
10/21/2004,1520
10/22/2004,1492
10/23/2004,1462
10/24/2004,1435
10/25/2004,1398
10/26/2004,1362
10/27/2004,1300
10/28/2004,1217
10/29/2004,1215
10/30/2004,1332
10/31/2004,1356
11/1/2004,1301
11/2/2004,1267
11/3/2004,1377
11/4/2004,1391
11/5/2004,1408
11/6/2004,1412
11/7/2004,1352
11/8/2004,1290
11/9/2004,1276
11/10/2004,1303
11/11/2004,1428
11/12/2004,1480
11/13/2004,1492
11/14/2004,1515
11/15/2004,1521
11/16/2004,1458
11/17/2004,1378
11/18/2004,1364
11/19/2004,1386
11/20/2004,1599
11/21/2004,1622
11/22/2004,1487
11/23/2004,1486
11/24/2004,1651
11/25/2004,2082
11/26/2004,2230
11/27/2004,2084
11/28/2004,1916
11/29/2004,1780
11/30/2004,1684
12/1/2004,1610
12/2/2004,1582
12/3/2004,1638
12/4/2004,1660
12/5/2004,1653
12/6/2004,1575
12/7/2004,1373
12/8/2004,1298
12/9/2004,1363
12/10/2004,1528
12/11/2004,1405
12/12/2004,1232
12/13/2004,1270
12/14/2004,1235
12/15/2004,1170
12/16/2004,1138
12/17/2004,1224
12/18/2004,1217
12/19/2004,1213
12/20/2004,1190
12/21/2004,1117
12/22/2004,1060
12/23/2004,1070
12/24/2004,1115
12/25/2004,1106
12/26/2004,1123
12/27/2004,1187
12/28/2004,1197
12/29/2004,1478
12/30/2004,1528
12/31/2004,1500
1/1/2005,1403
1/2/2005,1328
1/3/2005,1280
1/4/2005,1300
1/5/2005,1597
1/6/2005,1557
1/7/2005,1616
1/8/2005,1832
1/9/2005,1975
1/10/2005,1795
1/11/2005,1712
1/12/2005,1640
1/13/2005,1618
1/14/2005,1576
1/15/2005,1514
1/16/2005,1478
1/17/2005,1428
1/18/2005,1398
1/19/2005,1341
1/20/2005,1281
1/21/2005,1360
1/22/2005,1620
1/23/2005,2269
1/24/2005,2173
1/25/2005,2109
1/26/2005,2114
1/27/2005,2067
1/28/2005,1940
1/29/2005,1583
1/30/2005,1420
1/31/2005,1410
2/1/2005,1455
2/2/2005,1468
2/3/2005,1428
2/4/2005,1353
2/5/2005,1412
2/6/2005,1478
2/7/2005,1450
2/8/2005,1338
2/9/2005,1236
2/10/2005,1217
2/11/2005,1323
2/12/2005,1273
2/13/2005,1778
2/14/2005,3190
2/15/2005,3774
2/16/2005,3722
2/17/2005,3536
2/18/2005,3147
2/19/2005,2663
2/20/2005,2430
2/21/2005,2178
2/22/2005,1995
2/23/2005,1907
2/24/2005,1992
2/25/2005,1910
2/26/2005,1825
2/27/2005,1803
2/28/2005,1741
3/1/2005,1613
3/2/2005,1456
3/3/2005,1356
3/4/2005,1343
3/5/2005,1408
3/6/2005,1483
3/7/2005,1441
3/8/2005,1390
3/9/2005,1358
3/10/2005,1368
3/11/2005,1378
3/12/2005,1332
3/13/2005,1301
3/14/2005,1364
3/15/2005,1402
3/16/2005,1438
3/17/2005,1569
3/18/2005,1934
3/19/2005,2836
3/20/2005,4464
3/21/2005,5561
3/22/2005,5768
3/23/2005,5628
3/24/2005,5202
3/25/2005,4773
3/26/2005,4740
3/27/2005,4716
3/28/2005,4793
3/29/2005,4858
3/30/2005,4787
3/31/2005,4756
4/1/2005,4783
4/2/2005,4720
4/3/2005,4476
4/4/2005,3980
4/5/2005,3593
4/6/2005,3305
4/7/2005,3209
4/8/2005,3177
4/9/2005,3105
4/10/2005,3164
4/11/2005,3285
4/12/2005,3365
4/13/2005,3185
4/14/2005,2950
4/15/2005,2813
4/16/2005,2773
4/17/2005,2777
4/18/2005,2770
4/19/2005,2890
4/20/2005,3034
4/21/2005,3442
4/22/2005,4058
4/23/2005,4055
4/24/2005,3721
4/25/2005,3369
4/26/2005,3141
4/27/2005,3468
4/28/2005,4260
4/29/2005,4185
4/30/2005,3972
5/1/2005,3783
5/2/2005,3552
5/3/2005,3400
5/4/2005,3381
5/5/2005,3553
5/6/2005,3902
5/7/2005,3917
5/8/2005,3865
5/9/2005,3829
5/10/2005,3784
5/11/2005,3677
5/12/2005,3476
5/13/2005,3212
5/14/2005,3022
5/15/2005,2839
5/16/2005,2715
5/17/2005,2693
5/18/2005,2743
5/19/2005,2923
5/20/2005,3450
5/21/2005,3902
5/22/2005,3439
5/23/2005,3060
5/24/2005,2945
5/25/2005,3156
5/26/2005,3255
5/27/2005,3140
5/28/2005,2918
5/29/2005,2794
5/30/2005,2928
5/31/2005,2880
6/1/2005,3081
6/2/2005,3385
6/3/2005,3169
6/4/2005,2747
6/5/2005,2491
6/6/2005,2442
6/7/2005,2610
6/8/2005,2510
6/9/2005,2556
6/10/2005,2554
6/11/2005,2451
6/12/2005,2341
6/13/2005,2033
6/14/2005,1962
6/15/2005,2013
6/16/2005,2113
6/17/2005,2146
6/18/2005,2343
6/19/2005,2452
6/20/2005,2281
6/21/2005,2077
6/22/2005,1992
6/23/2005,2020
6/24/2005,2042
6/25/2005,1992
6/26/2005,1981
6/27/2005,1947
6/28/2005,2073
6/29/2005,1995
6/30/2005,1905
7/1/2005,1910
7/2/2005,1950
7/3/2005,2010
7/4/2005,2510
7/5/2005,2470
7/6/2005,2210
7/7/2005,2430
7/8/2005,2860
7/9/2005,2700
7/10/2005,3270
7/11/2005,3215
7/12/2005,3790
7/13/2005,4610
7/14/2005,5210
7/15/2005,5690
7/16/2005,5457
7/17/2005,4420
7/18/2005,3755
7/19/2005,3260
7/20/2005,2980
7/21/2005,2850
7/22/2005,2870
7/23/2005,2680
7/24/2005,2520
7/25/2005,2250
7/26/2005,2180
7/27/2005,2050
7/28/2005,2110
7/29/2005,2210
7/30/2005,2140
7/31/2005,1970
8/1/2005,1900
8/2/2005,1940
8/3/2005,1920
8/4/2005,1970
8/5/2005,2040
8/6/2005,2140
8/7/2005,2260
8/8/2005,2130
8/9/2005,2060
8/10/2005,2120
8/11/2005,2220
8/12/2005,2120
8/13/2005,2040
8/14/2005,1930
8/15/2005,1830
8/16/2005,1790
8/17/2005,2050
8/18/2005,3840
8/19/2005,4550
8/20/2005,4060
8/21/2005,3320
8/22/2005,2890
8/23/2005,2990
8/24/2005,3390
8/25/2005,4445
8/26/2005,5228
8/27/2005,5522
8/28/2005,5680
8/29/2005,5478
8/30/2005,4619
8/31/2005,4160
9/1/2005,3480
9/2/2005,3050
9/3/2005,2780
9/4/2005,2540
9/5/2005,2520
9/6/2005,2410
9/7/2005,2160
9/8/2005,2100
9/9/2005,2000
9/10/2005,1970
9/11/2005,1880
9/12/2005,1860
9/13/2005,1810
9/14/2005,1870
9/15/2005,1950
9/16/2005,1910
9/17/2005,1890
9/18/2005,1840
9/19/2005,2040
9/20/2005,2390
9/21/2005,2160
9/22/2005,1980
9/23/2005,1910
9/24/2005,1840
9/25/2005,1850
9/26/2005,1900
9/27/2005,1870
9/28/2005,1640
9/29/2005,1700
9/30/2005,1620
10/1/2005,1518
10/2/2005,1705
10/3/2005,1900
10/4/2005,2042
10/5/2005,2343
10/6/2005,2496
10/7/2005,2488
10/8/2005,2306
10/9/2005,2058
10/10/2005,1909
10/11/2005,1764
10/12/2005,1678
10/13/2005,1628
10/14/2005,1592
10/15/2005,1559
10/16/2005,1538
10/17/2005,1475
10/18/2005,1422
10/19/2005,1407
10/20/2005,1373
10/21/2005,1382
10/22/2005,1387
10/23/2005,1362
10/24/2005,1350
10/25/2005,1330
10/26/2005,1300
10/27/2005,1261
10/28/2005,1231
10/29/2005,1227
10/30/2005,1209
10/31/2005,1176
11/1/2005,1145
11/2/2005,1130
11/3/2005,1090
11/4/2005,1080
11/5/2005,1139
11/6/2005,1158
11/7/2005,1128
11/8/2005,1106
11/9/2005,1070
11/10/2005,1076
11/11/2005,1132
11/12/2005,1139
11/13/2005,1070
11/14/2005,1028
11/15/2005,1027
11/16/2005,1018
11/17/2005,1038
11/18/2005,1148
11/19/2005,1124
11/20/2005,1077
11/21/2005,1070
11/22/2005,1074
11/23/2005,1060
11/24/2005,1088
11/25/2005,1118
11/26/2005,1182
11/27/2005,1215
11/28/2005,1213
11/29/2005,1185
11/30/2005,1246
12/1/2005,1168
12/2/2005,1193
12/3/2005,1190
12/4/2005,1099
12/5/2005,1118
12/6/2005,1172
12/7/2005,1446
12/8/2005,1862
12/9/2005,1981
12/10/2005,1875
12/11/2005,1770
12/12/2005,1659
12/13/2005,1450
12/14/2005,1331
12/15/2005,1287
12/16/2005,1303
12/17/2005,1378
12/18/2005,1460
12/19/2005,1461
12/20/2005,1481
12/21/2005,1494
12/22/2005,1528
12/23/2005,1450
12/24/2005,1380
12/25/2005,1284
12/26/2005,1300
12/27/2005,1373
12/28/2005,1445
12/29/2005,1470
12/30/2005,1490
12/31/2005,1503
1/1/2006,1428
1/2/2006,1361
1/3/2006,1502
1/4/2006,1826
1/5/2006,2026
1/6/2006,2024
1/7/2006,1972
1/8/2006,1950
1/9/2006,1847
1/10/2006,1710
1/11/2006,1520
1/12/2006,1450
1/13/2006,1496
1/14/2006,1476
1/15/2006,1419
1/16/2006,1420
1/17/2006,1356
1/18/2006,1282
1/19/2006,1286
1/20/2006,1365
1/21/2006,1366
1/22/2006,1418
1/23/2006,1425
1/24/2006,1351
1/25/2006,1271
1/26/2006,1239
1/27/2006,1317
1/28/2006,1289
1/29/2006,1292
1/30/2006,1252
1/31/2006,1193
2/1/2006,1159
2/2/2006,1147
2/3/2006,1270
2/4/2006,1247
2/5/2006,1221
2/6/2006,1211
2/7/2006,1221
2/8/2006,1104
2/9/2006,1181
2/10/2006,1308
2/11/2006,1351
2/12/2006,1319
2/13/2006,1251
2/14/2006,1199
2/15/2006,1136
2/16/2006,1129
2/17/2006,1182
2/18/2006,1358
2/19/2006,2094
2/20/2006,2369
2/21/2006,2442
2/22/2006,2510
2/23/2006,2682
2/24/2006,2753
2/25/2006,2593
2/26/2006,2305
2/27/2006,2027
2/28/2006,1923
3/1/2006,1839
3/2/2006,1710
3/3/2006,1622
3/4/2006,1617
3/5/2006,1603
3/6/2006,1573
3/7/2006,1635
3/8/2006,1675
3/9/2006,1630
3/10/2006,1620
3/11/2006,2072
3/12/2006,3098
3/13/2006,3483
3/14/2006,3557
3/15/2006,3132
3/16/2006,2741
3/17/2006,2409
3/18/2006,2202
3/19/2006,2097
3/20/2006,2052
3/21/2006,1980
3/22/2006,1974
3/23/2006,2276
3/24/2006,2768
3/25/2006,3026
3/26/2006,3002
3/27/2006,3372
3/28/2006,4631
3/29/2006,5532
3/30/2006,6163
3/31/2006,7116
4/1/2006,7913
4/2/2006,8526
4/3/2006,8902
4/4/2006,9050
4/5/2006,8895
4/6/2006,8550
4/7/2006,8043
4/8/2006,7437
4/9/2006,6773
4/10/2006,5990
4/11/2006,5339
4/12/2006,4959
4/13/2006,4980
4/14/2006,4786
4/15/2006,4642
4/16/2006,4474
4/17/2006,4561
4/18/2006,4594
4/19/2006,4757
4/20/2006,4768
4/21/2006,4623
4/22/2006,4392
4/23/2006,4234
4/24/2006,4091
4/25/2006,4091
4/26/2006,4014
4/27/2006,4028
4/28/2006,4185
4/29/2006,4420
4/30/2006,4778
5/1/2006,5135
5/2/2006,5200
5/3/2006,4991
5/4/2006,4763
5/5/2006,4598
5/6/2006,4323
5/7/2006,4171
5/8/2006,3981
5/9/2006,3798
5/10/2006,3670
5/11/2006,3557
5/12/2006,3505
5/13/2006,3385
5/14/2006,3220
5/15/2006,3110
5/16/2006,2960
5/17/2006,3003
5/18/2006,3067
5/19/2006,3278
5/20/2006,3673
5/21/2006,3947
5/22/2006,4180
5/23/2006,4060
5/24/2006,3723
5/25/2006,3530
5/26/2006,3315
5/27/2006,3044
5/28/2006,3032
5/29/2006,3866
5/30/2006,4395
5/31/2006,4742
6/1/2006,4872
6/2/2006,4958
6/3/2006,5041
6/4/2006,5087
6/5/2006,5658
6/6/2006,5913
6/7/2006,5705
6/8/2006,5035
6/9/2006,4498
6/10/2006,4090
6/11/2006,3647
6/12/2006,3287
6/13/2006,3215
6/14/2006,3008
6/15/2006,2968
6/16/2006,3090
6/17/2006,3080
6/18/2006,2988
6/19/2006,2982
6/20/2006,2987
6/21/2006,3025
6/22/2006,3158
6/23/2006,3190
6/24/2006,3190
6/25/2006,3485
6/26/2006,3225
6/27/2006,2980
6/28/2006,2858
6/29/2006,2886
6/30/2006,3062
7/1/2006,3360
7/2/2006,3714
7/3/2006,3427
7/4/2006,3065
7/5/2006,2810
7/6/2006,2584
7/7/2006,2465
7/8/2006,2421
7/9/2006,2467
7/10/2006,2536
7/11/2006,2452
7/12/2006,2480
7/13/2006,2347
7/14/2006,2307
7/15/2006,2338
7/16/2006,2117
7/17/2006,1917
7/18/2006,1812
7/19/2006,1758
7/20/2006,1725
7/21/2006,1697
7/22/2006,1682
7/23/2006,1636
7/24/2006,1602
7/25/2006,1543
7/26/2006,1527
7/27/2006,1551
7/28/2006,1566
7/29/2006,1543
7/30/2006,1502
7/31/2006,1572
8/1/2006,1646
8/2/2006,1637
8/3/2006,1664
8/4/2006,1716
8/5/2006,2024
8/6/2006,2536
8/7/2006,2702
8/8/2006,3260
8/9/2006,4703
8/10/2006,5268
8/11/2006,5418
8/12/2006,4574
8/13/2006,3756
8/14/2006,3226
8/15/2006,2979
8/16/2006,2840
8/17/2006,2703
8/18/2006,2447
8/19/2006,2225
8/20/2006,2132
8/21/2006,2060
8/22/2006,1920
8/23/2006,1907
8/24/2006,1885
8/25/2006,1950
8/26/2006,1948
8/27/2006,2101
8/28/2006,2080
8/29/2006,1897
8/30/2006,1862
8/31/2006,2147
9/1/2006,2501
9/2/2006,2866
9/3/2006,2837
9/4/2006,2555
9/5/2006,2287
9/6/2006,2132
9/7/2006,1987
9/8/2006,1955
9/9/2006,1870
9/10/2006,1976
9/11/2006,1970
9/12/2006,1750
9/13/2006,1678
9/14/2006,1608
9/15/2006,1547
9/16/2006,1543
9/17/2006,1500
9/18/2006,1467
9/19/2006,1410
9/20/2006,1452
9/21/2006,2172
9/22/2006,2262
9/23/2006,2079
9/24/2006,1880
9/25/2006,1689
9/26/2006,1530
9/27/2006,1440
9/28/2006,1393
9/29/2006,1382
9/30/2006,1445
10/1/2006,1396
10/2/2006,1312
10/3/2006,1270
10/4/2006,1280
10/5/2006,1256
10/6/2006,1388
10/7/2006,1748
10/8/2006,1833
10/9/2006,1666
10/10/2006,1450
10/11/2006,1393
10/12/2006,1370
10/13/2006,1360
10/14/2006,1327
10/15/2006,1222
10/16/2006,1179
10/17/2006,1185
10/18/2006,1143
10/19/2006,1105
10/20/2006,1106
10/21/2006,1185
10/22/2006,1168
10/23/2006,1132
10/24/2006,1110
10/25/2006,1066
10/26/2006,1026
10/27/2006,1070
10/28/2006,1120
10/29/2006,1109
10/30/2006,1058
10/31/2006,1142
11/1/2006,1296
11/2/2006,1375
11/3/2006,1320
11/4/2006,1234
11/5/2006,1231
11/6/2006,1236
11/7/2006,1290
11/8/2006,1566
11/9/2006,1713
11/10/2006,1708
11/11/2006,1610
11/12/2006,1681
11/13/2006,1710
11/14/2006,1934
11/15/2006,2302
11/16/2006,2506
11/17/2006,2686
11/18/2006,2380
11/19/2006,2110
11/20/2006,1924
11/21/2006,1753
11/22/2006,1627
11/23/2006,1610
11/24/2006,1712
11/25/2006,1784
11/26/2006,1753
11/27/2006,1593
11/28/2006,1527
11/29/2006,1408
11/30/2006,1320
12/1/2006,1328
12/2/2006,1360
12/3/2006,1313
12/4/2006,1242
12/5/2006,1230
12/6/2006,1196
12/7/2006,1247
12/8/2006,1305
12/9/2006,1361
12/10/2006,1379
12/11/2006,1342
12/12/2006,1402
12/13/2006,1467
12/14/2006,1468
12/15/2006,1438
12/16/2006,1338
12/17/2006,1263
12/18/2006,1240
12/19/2006,1248
12/20/2006,1228
12/21/2006,1241
12/22/2006,1284
12/23/2006,1237
12/24/2006,1174
12/25/2006,1096
12/26/2006,1062
12/27/2006,1032
12/28/2006,992
12/29/2006,992
12/30/2006,1020
12/31/2006,1010
1/1/2007,990
1/2/2007,1014
1/3/2007,1113
1/4/2007,1283
1/5/2007,1420
1/6/2007,1469
1/7/2007,1424
1/8/2007,1444
1/9/2007,1514
1/10/2007,1684
1/11/2007,1729
1/12/2007,1870
1/13/2007,1864
1/14/2007,1828
1/15/2007,1763
1/16/2007,1698
1/17/2007,1580
1/18/2007,1512
1/19/2007,1606
1/20/2007,1715
1/21/2007,2822
1/22/2007,3253
1/23/2007,2911
1/24/2007,2606
1/25/2007,2441
1/26/2007,2263
1/27/2007,2011
1/28/2007,1854
1/29/2007,1770
1/30/2007,1718
1/31/2007,1703
2/1/2007,1760
2/2/2007,1868
2/3/2007,1939
2/4/2007,1914
2/5/2007,1811
2/6/2007,1772
2/7/2007,1725
2/8/2007,1847
2/9/2007,2059
2/10/2007,1982
2/11/2007,1946
2/12/2007,2020
2/13/2007,2058
2/14/2007,2081
2/15/2007,2221
2/16/2007,2531
2/17/2007,2639
2/18/2007,2589
2/19/2007,2553
2/20/2007,2311
2/21/2007,2073
2/22/2007,1972
2/23/2007,1890
2/24/2007,1819
2/25/2007,1775
2/26/2007,1772
2/27/2007,1729
2/28/2007,1727
3/1/2007,1901
3/2/2007,2372
3/3/2007,2865
3/4/2007,3227
3/5/2007,3343
3/6/2007,3375
3/7/2007,3167
3/8/2007,2864
3/9/2007,2592
3/10/2007,2818
3/11/2007,2935
3/12/2007,2695
3/13/2007,2494
3/14/2007,2352
3/15/2007,2257
3/16/2007,2229
3/17/2007,2191
3/18/2007,2121
3/19/2007,2027
3/20/2007,1930
3/21/2007,2005
3/22/2007,2272
3/23/2007,2331
3/24/2007,2389
3/25/2007,2483
3/26/2007,2573
3/27/2007,2521
3/28/2007,2486
3/29/2007,2561
3/30/2007,2543
3/31/2007,2458
4/1/2007,2345
4/2/2007,2293
4/3/2007,2208
4/4/2007,2054
4/5/2007,1913
4/6/2007,1899
4/7/2007,1872
4/8/2007,1863
4/9/2007,1826
4/10/2007,1775
4/11/2007,1734
4/12/2007,1669
4/13/2007,1649
4/14/2007,1759
4/15/2007,1922
4/16/2007,2004
4/17/2007,1937
4/18/2007,1860
4/19/2007,1826
4/20/2007,1739
4/21/2007,1647
4/22/2007,1617
4/23/2007,1598
4/24/2007,1580
4/25/2007,1541
4/26/2007,1580
4/27/2007,1591
4/28/2007,1580
4/29/2007,1604
4/30/2007,1578
5/1/2007,1509
5/2/2007,1442
5/3/2007,1405
5/4/2007,1371
5/5/2007,1397
5/6/2007,1434
5/7/2007,1483
5/8/2007,1563
5/9/2007,1602
5/10/2007,1917
5/11/2007,3253
5/12/2007,3329
5/13/2007,2762
5/14/2007,2375
5/15/2007,2192
5/16/2007,2054
5/17/2007,2016
5/18/2007,1977
5/19/2007,1840
5/20/2007,1844
5/21/2007,1946
5/22/2007,1906
5/23/2007,1774
5/24/2007,1738
5/25/2007,1798
5/26/2007,1828
5/27/2007,1794
5/28/2007,1815
5/29/2007,1839
5/30/2007,1793
5/31/2007,2023
6/1/2007,2469
6/2/2007,2694
6/3/2007,2580
6/4/2007,2413
6/5/2007,2281
6/6/2007,2215
6/7/2007,2130
6/8/2007,2029
6/9/2007,1957
6/10/2007,1903
6/11/2007,1852
6/12/2007,1814
6/13/2007,1744
6/14/2007,1762
6/15/2007,1946
6/16/2007,2045
6/17/2007,1938
6/18/2007,1877
6/19/2007,1924
6/20/2007,1926
6/21/2007,1811
6/22/2007,1766
6/23/2007,1851
6/24/2007,1908
6/25/2007,1965
6/26/2007,1992
6/27/2007,1914
6/28/2007,2015
6/29/2007,1982
6/30/2007,1892
7/1/2007,1932
7/2/2007,1783
7/3/2007,1579
7/4/2007,1534
7/5/2007,1934
7/6/2007,2320
7/7/2007,2619
7/8/2007,2666
7/9/2007,2436
7/10/2007,2217
7/11/2007,2437
7/12/2007,3150
7/13/2007,3256
7/14/2007,3067
7/15/2007,2725
7/16/2007,2318
7/17/2007,2062
7/18/2007,1947
7/19/2007,1913
7/20/2007,1860
7/21/2007,1818
7/22/2007,1732
7/23/2007,1631
7/24/2007,1702
7/25/2007,1766
7/26/2007,1756
7/27/2007,1741
7/28/2007,1644
7/29/2007,1564
7/30/2007,1464
7/31/2007,1330
8/1/2007,1310
8/2/2007,1378
8/3/2007,1433
8/4/2007,1485
8/5/2007,1436
8/6/2007,1483
8/7/2007,1368
8/8/2007,1277
8/9/2007,1250
8/10/2007,1311
8/11/2007,1507
8/12/2007,1840
8/13/2007,1964
8/14/2007,2022
8/15/2007,2097
8/16/2007,1970
8/17/2007,1851
8/18/2007,1669
8/19/2007,1577
8/20/2007,1605
8/21/2007,1598
8/22/2007,1783
8/23/2007,1930
8/24/2007,1844
8/25/2007,1662
8/26/2007,1508
8/27/2007,1434
8/28/2007,1353
8/29/2007,1272
8/30/2007,1240
8/31/2007,1362
9/1/2007,1839
9/2/2007,2159
9/3/2007,2024
9/4/2007,1746
9/5/2007,1642
9/6/2007,1956
9/7/2007,2676
9/8/2007,4290
9/9/2007,5544
9/10/2007,6413
9/11/2007,6571
9/12/2007,6259
9/13/2007,5822
9/14/2007,5656
9/15/2007,5025
9/16/2007,4165
9/17/2007,3353
9/18/2007,2860
9/19/2007,2655
9/20/2007,2581
9/21/2007,2726
9/22/2007,2674
9/23/2007,2399
9/24/2007,2037
9/25/2007,1826
9/26/2007,1682
9/27/2007,1757
9/28/2007,1799
9/29/2007,1799
9/30/2007,1881
10/1/2007,2408
10/2/2007,2373
10/3/2007,2256
10/4/2007,2164
10/5/2007,2007
10/6/2007,1861
10/7/2007,1825
10/8/2007,1899
10/9/2007,1852
10/10/2007,1757
10/11/2007,1746
10/12/2007,1694
10/13/2007,1634
10/14/2007,1576
10/15/2007,1485
10/16/2007,1405
10/17/2007,1381
10/18/2007,1382
10/19/2007,1390
10/20/2007,1379
10/21/2007,1456
10/22/2007,1493
10/23/2007,1491
10/24/2007,1561
10/25/2007,1636
10/26/2007,1715
10/27/2007,1724
10/28/2007,1714
10/29/2007,1837
10/30/2007,2105
10/31/2007,2129
11/1/2007,2011
11/2/2007,1894
11/3/2007,1763
11/4/2007,1603
11/5/2007,1495
11/6/2007,1524
11/7/2007,1603
11/8/2007,1660
11/9/2007,1842
11/10/2007,2165
11/11/2007,2289
11/12/2007,2412
11/13/2007,3044
11/14/2007,3503
11/15/2007,3407
11/16/2007,3206
11/17/2007,2800
11/18/2007,2517
11/19/2007,2338
11/20/2007,2234
11/21/2007,2142
11/22/2007,2110
11/23/2007,2054
11/24/2007,2102
11/25/2007,2397
11/26/2007,2658
11/27/2007,2797
11/28/2007,2798
11/29/2007,2649
11/30/2007,2452
12/1/2007,2303
12/2/2007,2222
12/3/2007,2283
12/4/2007,2384
12/5/2007,2732
12/6/2007,2840
12/7/2007,2923
12/8/2007,2874
12/9/2007,2972
12/10/2007,3120
12/11/2007,3202
12/12/2007,3238
12/13/2007,3226
12/14/2007,3268
12/15/2007,3296
12/16/2007,3136
12/17/2007,2753
12/18/2007,2470
12/19/2007,2297
12/20/2007,2286
12/21/2007,2190
12/22/2007,2081
12/23/2007,1956
12/24/2007,1872
12/25/2007,1802
12/26/2007,1786
12/27/2007,1724
12/28/2007,1641
12/29/2007,1653
12/30/2007,1613
12/31/2007,1521
1/1/2008,1470
1/2/2008,1430
1/3/2008,1457
1/4/2008,1492
1/5/2008,1508
1/6/2008,1473
1/7/2008,1410
1/8/2008,1422
1/9/2008,1604
1/10/2008,1982
1/11/2008,2026
1/12/2008,1890
1/13/2008,1826
1/14/2008,1733
1/15/2008,1687
1/16/2008,1720
1/17/2008,1730
1/18/2008,1742
1/19/2008,1763
1/20/2008,1825
1/21/2008,2133
1/22/2008,2598
1/23/2008,2743
1/24/2008,2643
1/25/2008,2427
1/26/2008,2348
1/27/2008,2291
1/28/2008,2202
1/29/2008,2157
1/30/2008,2238
1/31/2008,2205
2/1/2008,2183
2/2/2008,2148
2/3/2008,2050
2/4/2008,1905
2/5/2008,1867
2/6/2008,1817
2/7/2008,1793
2/8/2008,1913
2/9/2008,2092
2/10/2008,2029
2/11/2008,1868
2/12/2008,1767
2/13/2008,1772
2/14/2008,1727
2/15/2008,1654
2/16/2008,1633
2/17/2008,1572
2/18/2008,1542
2/19/2008,1477
2/20/2008,1420
2/21/2008,1392
2/22/2008,1440
2/23/2008,1503
2/24/2008,1515
2/25/2008,1448
2/26/2008,1407
2/27/2008,1527
2/28/2008,1640
2/29/2008,1600
3/1/2008,1704
3/2/2008,2144
3/3/2008,2682
3/4/2008,2994
3/5/2008,3281
3/6/2008,3303
3/7/2008,2933
3/8/2008,2686
3/9/2008,2452
3/10/2008,2240
3/11/2008,2104
3/12/2008,2002
3/13/2008,2058
3/14/2008,2304
3/15/2008,2583
3/16/2008,3145
3/17/2008,3612
3/18/2008,3395
3/19/2008,3254
3/20/2008,3250
3/21/2008,3100
3/22/2008,2796
3/23/2008,2537
3/24/2008,2600
3/25/2008,2580
3/26/2008,2494
3/27/2008,2332
3/28/2008,2355
3/29/2008,2340
3/30/2008,2288
3/31/2008,2260
4/1/2008,2332
4/2/2008,2382
4/3/2008,2490
4/4/2008,2588
4/5/2008,2740
4/6/2008,2740
4/7/2008,2635
4/8/2008,2620
4/9/2008,2560
4/10/2008,2508
4/11/2008,2360
4/12/2008,2330
4/13/2008,2467
4/14/2008,2630
4/15/2008,2582
4/16/2008,2400
4/17/2008,2350
4/18/2008,2418
4/19/2008,2395
4/20/2008,2338
4/21/2008,2312
4/22/2008,2328
4/23/2008,2525
4/24/2008,2954
4/25/2008,3544
4/26/2008,3477
4/27/2008,3204
4/28/2008,3208
4/29/2008,2978
4/30/2008,2818
5/1/2008,2938
5/2/2008,3118
5/3/2008,2950
5/4/2008,2801
5/5/2008,2682
5/6/2008,2552
5/7/2008,2469
5/8/2008,2498
5/9/2008,2592
5/10/2008,2522
5/11/2008,2468
5/12/2008,2508
5/13/2008,2532
5/14/2008,2506
5/15/2008,2492
5/16/2008,2482
5/17/2008,2585
5/18/2008,2654
5/19/2008,2522
5/20/2008,2727
5/21/2008,3043
5/22/2008,3120
5/23/2008,2901
5/24/2008,2832
5/25/2008,2671
5/26/2008,2532
5/27/2008,2480
5/28/2008,2566
5/29/2008,2692
5/30/2008,2844
5/31/2008,3037
6/1/2008,3087
6/2/2008,3070
6/3/2008,2908
6/4/2008,2681
6/5/2008,2625
6/6/2008,2883
6/7/2008,3080
6/8/2008,3104
6/9/2008,3069
6/10/2008,3134
6/11/2008,2887
6/12/2008,2637
6/13/2008,2545
6/14/2008,2730
6/15/2008,2730
6/16/2008,2530
6/17/2008,2295
6/18/2008,2184
6/19/2008,2145
6/20/2008,2138
6/21/2008,2097
6/22/2008,2000
6/23/2008,1950
6/24/2008,1958
6/25/2008,2041
6/26/2008,2266
6/27/2008,2328
6/28/2008,2445
6/29/2008,2391
6/30/2008,2262
7/1/2008,2100
7/2/2008,2000
7/3/2008,2100
7/4/2008,2070
7/5/2008,2070
7/6/2008,2000
7/7/2008,2000
7/8/2008,1960
7/9/2008,1980
7/10/2008,2100
7/11/2008,2200
7/12/2008,2000
7/13/2008,1890
7/14/2008,1990
7/15/2008,2125
7/16/2008,2540
7/17/2008,3160
7/18/2008,3200
7/19/2008,2940
7/20/2008,2710
7/21/2008,2580
7/22/2008,2370
7/23/2008,2950
7/24/2008,3200
7/25/2008,3730
7/26/2008,4340
7/27/2008,3810
7/28/2008,3300
7/29/2008,2980
7/30/2008,2630
7/31/2008,2385
8/1/2008,2340
8/2/2008,2340
8/3/2008,2290
8/4/2008,2320
8/5/2008,2300
8/6/2008,2070
8/7/2008,1900
8/8/2008,1850
8/9/2008,1850
8/10/2008,2210
8/11/2008,2590
8/12/2008,2500
8/13/2008,2230
8/14/2008,2080
8/15/2008,2100
8/16/2008,2080
8/17/2008,2000
8/18/2008,3050
8/19/2008,3795
8/20/2008,3420
8/21/2008,2900
8/22/2008,2490
8/23/2008,2270
8/24/2008,2200
8/25/2008,2120
8/26/2008,2190
8/27/2008,2110
8/28/2008,2080
8/29/2008,1910
8/30/2008,1680
8/31/2008,1630
9/1/2008,1600
9/2/2008,1500
9/3/2008,1490
9/4/2008,1520
9/5/2008,1550
9/6/2008,1590
9/7/2008,1520
9/8/2008,1480
9/9/2008,1380
9/10/2008,1330
9/11/2008,1390
9/12/2008,1410
9/13/2008,1320
9/14/2008,1400
9/15/2008,1410
9/16/2008,1460
9/17/2008,1620
9/18/2008,1900
9/19/2008,1980
9/20/2008,1810
9/21/2008,1660
9/22/2008,1490
9/23/2008,1460
9/24/2008,1350
9/25/2008,1410
9/26/2008,1490
9/27/2008,1500
9/28/2008,1620
9/29/2008,1580
9/30/2008,1380
10/1/2008,1320
10/2/2008,1300
10/3/2008,1310
10/4/2008,1360
10/5/2008,1400
10/6/2008,1580
10/7/2008,1550
10/8/2008,1470
10/9/2008,1520
10/10/2008,1650
10/11/2008,1600
10/12/2008,1500
10/13/2008,1440
10/14/2008,1310
10/15/2008,1260
10/16/2008,1260
10/17/2008,1200
10/18/2008,1310
10/19/2008,1400
10/20/2008,1400
10/21/2008,1400
10/22/2008,1340
10/23/2008,1300
10/24/2008,1280
10/25/2008,1240
10/26/2008,1260
10/27/2008,1220
10/28/2008,1160
10/29/2008,1110
10/30/2008,1130
10/31/2008,1185
11/1/2008,1290
11/2/2008,1470
11/3/2008,1430
11/4/2008,1260
11/5/2008,1170
11/6/2008,1157
11/7/2008,1190
11/8/2008,1180
11/9/2008,1220
11/10/2008,1210
11/11/2008,1100
11/12/2008,1060
11/13/2008,1080
11/14/2008,1120
11/15/2008,1120
11/16/2008,1150
11/17/2008,1130
11/18/2008,1090
11/19/2008,1100
11/20/2008,1140
11/21/2008,1170
11/22/2008,1210
11/23/2008,1730
11/24/2008,2030
11/25/2008,1830
11/26/2008,1630
11/27/2008,1550
11/28/2008,1530
11/29/2008,1430
11/30/2008,1350
12/1/2008,1290
12/2/2008,1230
12/3/2008,1340
12/4/2008,1600
12/5/2008,1570
12/6/2008,1730
12/7/2008,1620
12/8/2008,1550
12/9/2008,1510
12/10/2008,1570
12/11/2008,1590
12/12/2008,1490
12/13/2008,1450
12/14/2008,1440
12/15/2008,1390
12/16/2008,1290
12/17/2008,1280
12/18/2008,1310
12/19/2008,1350
12/20/2008,1600
12/21/2008,1700
12/22/2008,1800
12/23/2008,2610
12/24/2008,3110
12/25/2008,3170
12/26/2008,2760
12/27/2008,2500
12/28/2008,2200
12/29/2008,2000
12/30/2008,1810
12/31/2008,1635
1/1/2009,1512
1/2/2009,1420
1/3/2009,1394
1/4/2009,1395
1/5/2009,1362
1/6/2009,1315
1/7/2009,1272
1/8/2009,1232
1/9/2009,1228
1/10/2009,1265
1/11/2009,1278
1/12/2009,1237
1/13/2009,1233
1/14/2009,1232
1/15/2009,1189
1/16/2009,1185
1/17/2009,1194
1/18/2009,1247
1/19/2009,1169
1/20/2009,1111
1/21/2009,1129
1/22/2009,1204
1/23/2009,1471
1/24/2009,1687
1/25/2009,1752
1/26/2009,1658
1/27/2009,1604
1/28/2009,1609
1/29/2009,1524
1/30/2009,1473
1/31/2009,1442
2/1/2009,1388
2/2/2009,1353
2/3/2009,1298
2/4/2009,1286
2/5/2009,1308
2/6/2009,1361
2/7/2009,1366
2/8/2009,1412
2/9/2009,1562
2/10/2009,1757
2/11/2009,1772
2/12/2009,1764
2/13/2009,1890
2/14/2009,1926
2/15/2009,1746
2/16/2009,1519
2/17/2009,1441
2/18/2009,1435
2/19/2009,1430
2/20/2009,1385
2/21/2009,1316
2/22/2009,1326
2/23/2009,1348
2/24/2009,1318
2/25/2009,1460
2/26/2009,1643
2/27/2009,1774
2/28/2009,1704
3/1/2009,2185
3/2/2009,2739
3/3/2009,2965
3/4/2009,3008
3/5/2009,3118
3/6/2009,3502
3/7/2009,4020
3/8/2009,4116
3/9/2009,4095
3/10/2009,4012
3/11/2009,4033
3/12/2009,4004
3/13/2009,4037
3/14/2009,3951
3/15/2009,4137
3/16/2009,4032
3/17/2009,3964
3/18/2009,3954
3/19/2009,3772
3/20/2009,3487
3/21/2009,3247
3/22/2009,3037
3/23/2009,2799
3/24/2009,2623
3/25/2009,2643
3/26/2009,2748
3/27/2009,2648
3/28/2009,2671
3/29/2009,2834
3/30/2009,3123
3/31/2009,3783
4/1/2009,4241
4/2/2009,4116
4/3/2009,4182
4/4/2009,4534
4/5/2009,4757
4/6/2009,4769
4/7/2009,4774
4/8/2009,4868
4/9/2009,4868
4/10/2009,4767
4/11/2009,4661
4/12/2009,4658
4/13/2009,4515
4/14/2009,4306
4/15/2009,4045
4/16/2009,3907
4/17/2009,3827
4/18/2009,3743
4/19/2009,3691
4/20/2009,3576
4/21/2009,3492
4/22/2009,3435
4/23/2009,3296
4/24/2009,3118
4/25/2009,3025
4/26/2009,2932
4/27/2009,2772
4/28/2009,2630
4/29/2009,2629
4/30/2009,2754
5/1/2009,2924
5/2/2009,2877
5/3/2009,2731
5/4/2009,2672
5/5/2009,2637
5/6/2009,2608
5/7/2009,2616
5/8/2009,2643
5/9/2009,2711
5/10/2009,2704
5/11/2009,2691
5/12/2009,2756
5/13/2009,2851
5/14/2009,3099
5/15/2009,3364
5/16/2009,3354
5/17/2009,3377
5/18/2009,3222
5/19/2009,3049
5/20/2009,3157
5/21/2009,3274
5/22/2009,3185
5/23/2009,2999
5/24/2009,2902
5/25/2009,2894
5/26/2009,2956
5/27/2009,2998
5/28/2009,2939
5/29/2009,3004
5/30/2009,3064
5/31/2009,3015
6/1/2009,3145
6/2/2009,3138
6/3/2009,2830
6/4/2009,2669
6/5/2009,2546
6/6/2009,2361
6/7/2009,2229
6/8/2009,2214
6/9/2009,2415
6/10/2009,2461
6/11/2009,2378
6/12/2009,2274
6/13/2009,2174
6/14/2009,2106
6/15/2009,2020
6/16/2009,1920
6/17/2009,1953
6/18/2009,2181
6/19/2009,2363
6/20/2009,2378
6/21/2009,2508
6/22/2009,3080
6/23/2009,3104
6/24/2009,3690
6/25/2009,4711
6/26/2009,5532
6/27/2009,6208
6/28/2009,6847
6/29/2009,6846
6/30/2009,6600
7/1/2009,6685
7/2/2009,6753
7/3/2009,6304
7/4/2009,5672
7/5/2009,5104
7/6/2009,4874
7/7/2009,4593
7/8/2009,4539
7/9/2009,4529
7/10/2009,4504
7/11/2009,4152
7/12/2009,3670
7/13/2009,3368
7/14/2009,3153
7/15/2009,2874
7/16/2009,2751
7/17/2009,2716
7/18/2009,2671
7/19/2009,2868
7/20/2009,3705
7/21/2009,4242
7/22/2009,4033
7/23/2009,3671
7/24/2009,3216
7/25/2009,3023
7/26/2009,3009
7/27/2009,3204
7/28/2009,3000
7/29/2009,2709
7/30/2009,2628
7/31/2009,2464
8/1/2009,2332
8/2/2009,2309
8/3/2009,2216
8/4/2009,2084
8/5/2009,2381
8/6/2009,3520
8/7/2009,3521
8/8/2009,3053
8/9/2009,2783
8/10/2009,2564
8/11/2009,2393
8/12/2009,2355
8/13/2009,2511
8/14/2009,2466
8/15/2009,2282
8/16/2009,2263
8/17/2009,2231
8/18/2009,2003
8/19/2009,1932
8/20/2009,1794
8/21/2009,1774
8/22/2009,1614
8/23/2009,1695
8/24/2009,1765
8/25/2009,1837
8/26/2009,1767
8/27/2009,1638
8/28/2009,1551
8/29/2009,1554
8/30/2009,1688
8/31/2009,2114
9/1/2009,2101
9/2/2009,1745
9/3/2009,1558
9/4/2009,1575
9/5/2009,1802
9/6/2009,2372
9/7/2009,2767
9/8/2009,2498
9/9/2009,2209
9/10/2009,1972
9/11/2009,1833
9/12/2009,1724
9/13/2009,1789
9/14/2009,1966
9/15/2009,1909
9/16/2009,1888
9/17/2009,1961
9/18/2009,1894
9/19/2009,1904
9/20/2009,1831
9/21/2009,1748
9/22/2009,1672
9/23/2009,1534
9/24/2009,1437
9/25/2009,1430
9/26/2009,1482
9/27/2009,1371
9/28/2009,1272
9/29/2009,1171
9/30/2009,1145
10/1/2009,1158
10/2/2009,1167
10/3/2009,1194
10/4/2009,1152
10/5/2009,1182
10/6/2009,1133
10/7/2009,1080
10/8/2009,1055
10/9/2009,1089
10/10/2009,1126
10/11/2009,1162
10/12/2009,1232
10/13/2009,1333
10/14/2009,1513
10/15/2009,1686
10/16/2009,1733
10/17/2009,1647
10/18/2009,1555
10/19/2009,1640
10/20/2009,1745
10/21/2009,1793
10/22/2009,1800
10/23/2009,1774
10/24/2009,1853
10/25/2009,2090
10/26/2009,2222
10/27/2009,2160
10/28/2009,2029
10/29/2009,1938
10/30/2009,1870
10/31/2009,1782
11/1/2009,1678
11/2/2009,1533
11/3/2009,1473
11/4/2009,1578
11/5/2009,1775
11/6/2009,1958
11/7/2009,2035
11/8/2009,1939
11/9/2009,1813
11/10/2009,1771
11/11/2009,1722
11/12/2009,1702
11/13/2009,1890
11/14/2009,1930
11/15/2009,1826
11/16/2009,1656
11/17/2009,1617
11/18/2009,1621
11/19/2009,1588
11/20/2009,1623
11/21/2009,1693
11/22/2009,1638
11/23/2009,1561
11/24/2009,1500
11/25/2009,1632
11/26/2009,1506
11/27/2009,1520
11/28/2009,1554
11/29/2009,1514
11/30/2009,1446
12/1/2009,1446
12/2/2009,1423
12/3/2009,1484
12/4/2009,1569
12/5/2009,1602
12/6/2009,1563
12/7/2009,1549
12/8/2009,1543
12/9/2009,1557
12/10/2009,1656
12/11/2009,1857
12/12/2009,2074
12/13/2009,2326
12/14/2009,2355
12/15/2009,2264
12/16/2009,2074
12/17/2009,1913
12/18/2009,1810
12/19/2009,1736
12/20/2009,1688
12/21/2009,1630
12/22/2009,1497
12/23/2009,1415
12/24/2009,1540
12/25/2009,1834
12/26/2009,2180
12/27/2009,2570
12/28/2009,2638
12/29/2009,2351
12/30/2009,2180
12/31/2009,2135
1/1/2010,2007
1/2/2010,2016
1/3/2010,2179
1/4/2010,2236
1/5/2010,2133
1/6/2010,1938
1/7/2010,1854
1/8/2010,1822
1/9/2010,1836
1/10/2010,1967
1/11/2010,2112
1/12/2010,2079
1/13/2010,1981
1/14/2010,1925
1/15/2010,1862
1/16/2010,1791
1/17/2010,1669
1/18/2010,1620
1/19/2010,1600
1/20/2010,1617
1/21/2010,1685
1/22/2010,1695
1/23/2010,1648
1/24/2010,1594
1/25/2010,1541
1/26/2010,1476
1/27/2010,1378
1/28/2010,1412
1/29/2010,1408
1/30/2010,1401
1/31/2010,1383
2/1/2010,1363
2/2/2010,1385
2/3/2010,1369
2/4/2010,1363
2/5/2010,1359
2/6/2010,1489
2/7/2010,1544
2/8/2010,1489
2/9/2010,1476
2/10/2010,1463
2/11/2010,1451
2/12/2010,1441
2/13/2010,1466
2/14/2010,1453
2/15/2010,1430
2/16/2010,1326
2/17/2010,1267
2/18/2010,1276
2/19/2010,1292
2/20/2010,1383
2/21/2010,1584
2/22/2010,1746
2/23/2010,1823
2/24/2010,1846
2/25/2010,1887
2/26/2010,2017
2/27/2010,2429
2/28/2010,2990
3/1/2010,3283
3/2/2010,3282
3/3/2010,3310
3/4/2010,3273
3/5/2010,3122
3/6/2010,2821
3/7/2010,2615
3/8/2010,2409
3/9/2010,2266
3/10/2010,2135
3/11/2010,2026
3/12/2010,1910
3/13/2010,1786
3/14/2010,1730
3/15/2010,1685
3/16/2010,1690
3/17/2010,1706
3/18/2010,1860
3/19/2010,1967
3/20/2010,2048
3/21/2010,2087
3/22/2010,2128
3/23/2010,2399
3/24/2010,2765
3/25/2010,2928
3/26/2010,2952
3/27/2010,2940
3/28/2010,2928
3/29/2010,2964
3/30/2010,2864
3/31/2010,2730
4/1/2010,2685
4/2/2010,2657
4/3/2010,2504
4/4/2010,2367
4/5/2010,2258
4/6/2010,2155
4/7/2010,2127
4/8/2010,2118
4/9/2010,2025
4/10/2010,1981
4/11/2010,1954
4/12/2010,1911
4/13/2010,1936
4/14/2010,1951
4/15/2010,2059
4/16/2010,2520
4/17/2010,2781
4/18/2010,2699
4/19/2010,2448
4/20/2010,2317
4/21/2010,2267
4/22/2010,2252
4/23/2010,2215
4/24/2010,2099
4/25/2010,1936
4/26/2010,1904
4/27/2010,1956
4/28/2010,2024
4/29/2010,2034
4/30/2010,1934
5/1/2010,1931
5/2/2010,1967
5/3/2010,2094
5/4/2010,2221
5/5/2010,2312
5/6/2010,2379
5/7/2010,2511
5/8/2010,2874
5/9/2010,2944
5/10/2010,2781
5/11/2010,2591
5/12/2010,2418
5/13/2010,2428
5/14/2010,2519
5/15/2010,2757
5/16/2010,3431
5/17/2010,3584
5/18/2010,3828
5/19/2010,3854
5/20/2010,3862
5/21/2010,3923
5/22/2010,4043
5/23/2010,4295
5/24/2010,4459
5/25/2010,4158
5/26/2010,3823
5/27/2010,3585
5/28/2010,3609
5/29/2010,3764
5/30/2010,3779
5/31/2010,3741
6/1/2010,3740
6/2/2010,4353
6/3/2010,5222
6/4/2010,6203
6/5/2010,7239
6/6/2010,8034
6/7/2010,8521
6/8/2010,8383
6/9/2010,7670
6/10/2010,6906
6/11/2010,6027
6/12/2010,5275
6/13/2010,4689
6/14/2010,4297
6/15/2010,4262
6/16/2010,4295
6/17/2010,4068
6/18/2010,4088
6/19/2010,4031
6/20/2010,3941
6/21/2010,4122
6/22/2010,4732
6/23/2010,5002
6/24/2010,4706
6/25/2010,4199
6/26/2010,3780
6/27/2010,3434
6/28/2010,3060
6/29/2010,2829
6/30/2010,2691
7/1/2010,2554
7/2/2010,2540
7/3/2010,2466
7/4/2010,2400
7/5/2010,2304
7/6/2010,2374
7/7/2010,3081
7/8/2010,3141
7/9/2010,2816
7/10/2010,2529
7/11/2010,2289
7/12/2010,2214
7/13/2010,2065
7/14/2010,1936
7/15/2010,1976
7/16/2010,1990
7/17/2010,1954
7/18/2010,1912
7/19/2010,2154
7/20/2010,2674
7/21/2010,2561
7/22/2010,2413
7/23/2010,2166
7/24/2010,1952
7/25/2010,2346
7/26/2010,3480
7/27/2010,4064
7/28/2010,3750
7/29/2010,3303
7/30/2010,3160
7/31/2010,3336
8/1/2010,3626
8/2/2010,3581
8/3/2010,3251
8/4/2010,2990
8/5/2010,3329
8/6/2010,3376
8/7/2010,3498
8/8/2010,3842
8/9/2010,4475
8/10/2010,4891
8/11/2010,4601
8/12/2010,4038
8/13/2010,3684
8/14/2010,3441
8/15/2010,3412
8/16/2010,3345
8/17/2010,3439
8/18/2010,3648
8/19/2010,3563
8/20/2010,3460
8/21/2010,3100
8/22/2010,2761
8/23/2010,2519
8/24/2010,2367
8/25/2010,2348
8/26/2010,2527
8/27/2010,2687
8/28/2010,2593
8/29/2010,2487
8/30/2010,2699
8/31/2010,2709
9/1/2010,3084
9/2/2010,3922
9/3/2010,4677
9/4/2010,4852
9/5/2010,4661
9/6/2010,4486
9/7/2010,4051
9/8/2010,3512
9/9/2010,3259
9/10/2010,3122
9/11/2010,3062
9/12/2010,3052
9/13/2010,2998
9/14/2010,2748
9/15/2010,2647
9/16/2010,2619
9/17/2010,2568
9/18/2010,2514
9/19/2010,2489
9/20/2010,2485
9/21/2010,2374
9/22/2010,2248
9/23/2010,2136
9/24/2010,2079
9/25/2010,1958
9/26/2010,1912
9/27/2010,2240
9/28/2010,2606
9/29/2010,2625
9/30/2010,2585
10/1/2010,2536
10/2/2010,2520
10/3/2010,2494
10/4/2010,2439
10/5/2010,2340
10/6/2010,2320
10/7/2010,2319
10/8/2010,2269
10/9/2010,2128
10/10/2010,1996
10/11/2010,1913
10/12/2010,1812
10/13/2010,1734
10/14/2010,1719
10/15/2010,1701
10/16/2010,1673
10/17/2010,1688
10/18/2010,1694
10/19/2010,1664
10/20/2010,1651
10/21/2010,1662
10/22/2010,1737
10/23/2010,1732
10/24/2010,1724
10/25/2010,1716
10/26/2010,1711
10/27/2010,1695
10/28/2010,1823
10/29/2010,1884
10/30/2010,1833
10/31/2010,1746
11/1/2010,1685
11/2/2010,1664
11/3/2010,1685
11/4/2010,1728
11/5/2010,1727
11/6/2010,1710
11/7/2010,1655
11/8/2010,1542
11/9/2010,1489
11/10/2010,1587
11/11/2010,1820
11/12/2010,1850
11/13/2010,1832
11/14/2010,1829
11/15/2010,1892
11/16/2010,1985
11/17/2010,1916
11/18/2010,1839
11/19/2010,1801
11/20/2010,1776
11/21/2010,1812
11/22/2010,1904
11/23/2010,1964
11/24/2010,2139
11/25/2010,2117
11/26/2010,2119
11/27/2010,2166
11/28/2010,2099
11/29/2010,2075
11/30/2010,2062
12/1/2010,2022
12/2/2010,1956
12/3/2010,1885
12/4/2010,1844
12/5/2010,1812
12/6/2010,1798
12/7/2010,1748
12/8/2010,1757
12/9/2010,2159
12/10/2010,2969
12/11/2010,3472
12/12/2010,3614
12/13/2010,3484
12/14/2010,3496
12/15/2010,3194
12/16/2010,2974
12/17/2010,2676
12/18/2010,2365
12/19/2010,2248
12/20/2010,2165
12/21/2010,2084
12/22/2010,2091
12/23/2010,2191
12/24/2010,2351
12/25/2010,2618
12/26/2010,3033
12/27/2010,3114
12/28/2010,2874
12/29/2010,2632
12/30/2010,2447
12/31/2010,2357
